text,label
"Microsoft Azure cloud services experienced significant growth with 23% year-over-year revenue increase driven by enterprise digital transformation initiatives.",positive
"The Federal Reserve's decision to maintain interest rates at current levels provided stability to financial markets and boosted investor confidence.",positive
"Tesla's new Gigafactory in Texas reached full production capacity ahead of schedule, demonstrating the company's manufacturing efficiency and scalability.",positive
"Apple's iPhone sales exceeded analyst expectations in Q3 with strong demand in emerging markets contributing to record quarterly revenue.",positive
"Amazon Web Services reported robust growth in cloud infrastructure services as more businesses migrate to hybrid cloud solutions.",positive
"Goldman Sachs downgraded several retail stocks citing concerns over consumer spending patterns and rising inventory levels ahead of holiday season.",negative
"Oil prices declined 8% following unexpected inventory build-up and concerns about global demand slowdown affecting energy sector outlook.",negative
"Meta Platforms announced additional workforce reductions affecting 10000 employees as the company continues restructuring its operations.",negative
"Supply chain disruptions in automotive industry persist with semiconductor shortages impacting production schedules for major manufacturers.",negative
"Cryptocurrency markets faced renewed volatility with Bitcoin dropping below $30000 amid regulatory uncertainty and institutional selling pressure.",negative
"The S&P 500 index closed unchanged at 4200 points with mixed sector performance as investors digested latest inflation data and earnings reports.",neutral
"European Central Bank maintained its benchmark interest rate at 4.0% in line with market expectations during monthly policy meeting.",neutral
"JPMorgan Chase reported steady net interest income growth of 12% while maintaining conservative outlook for credit loss provisions.",neutral
"Crude oil futures traded sideways around $80 per barrel following OPEC+ production announcement and mixed economic signals from major economies.",neutral
"Berkshire Hathaway's cash position reached record levels as Warren Buffett continues selective investment approach in current market environment.",neutral
"NVIDIA stock surged on strong AI chip demand with data center revenue jumping 200% as artificial intelligence adoption accelerates across industries.",positive
"Bank of America raised price targets for several technology stocks citing improved fundamentals and positive outlook for sector growth.",positive
"Renewable energy investments reached new highs with solar and wind projects attracting record funding from institutional investors worldwide.",positive
"Intel announced breakthrough in semiconductor manufacturing with new 3nm process technology expected to enhance chip performance and efficiency.",positive
"Walmart reported better-than-expected quarterly results with strong e-commerce growth offsetting challenges in traditional retail segments.",positive
